<?xml version="1.0"?>
<!--
/**
 * Copyright © 2015 Magento. All rights reserved.
 * See COPYING.txt for license details.
 */
-->
<config xmlns:xsi="http://www.w3.org/2001/XMLSchema-instance" xsi:noNamespaceSchemaLocation="urn:magento:module:Magento_Config:etc/system_file.xsd">
	<system>
		<tab id="mgs" translate="label" sortOrder="150"><label>Mage Solutions</label></tab>
		<section id="mpanel" translate="label" type="text" sortOrder="40" showInDefault="1" showInWebsite="1" showInStore="1">
			<class>separator-top</class>
			<label>General Settings</label>
			<tab>mgs</tab>
			<resource>MGS_Mpanel::config_mpanel</resource>
			<!--group id="general" translate="label" type="text" sortOrder="10" showInDefault="1" showInWebsite="1" showInStore="1">
				<label>General</label>
				<field id="is_enabled" translate="label comment" type="select" sortOrder="10" showInDefault="1" showInWebsite="1" showInStore="1">
					<label>Is Enabled</label>
					<source_model>Magento\Config\Model\Config\Source\Yesno</source_model>
				</field>
				<field id="account" translate="label comment" type="textarea" sortOrder="20" showInDefault="1" showInWebsite="1" showInStore="1">
					<label>Email Accounts to use panel</label>
					<comment>Comma-separated.</comment>
				</field>
			</group-->
			<group id="catalog" translate="label" type="text" sortOrder="20" showInDefault="1" showInWebsite="1" showInStore="1">
				<label>Catalog</label>
				<!--field id="layout" translate="label comment" type="select" sortOrder="10" showInDefault="1" showInWebsite="1" showInStore="1">
					<label>Default Page Layout For Category Page</label>
					<source_model>MGS\Mpanel\Model\Config\Source\Layout</source_model>
				</field>
				<field id="product_layout" translate="label comment" type="select" sortOrder="20" showInDefault="1" showInWebsite="1" showInStore="1">
					<label>Default Page Layout For Product Page</label>
					<source_model>MGS\Mpanel\Model\Config\Source\Layout</source_model>
				</field-->
				<field id="product_per_row" translate="label comment" type="select" sortOrder="30" showInDefault="1" showInWebsite="1" showInStore="1">
					<label>Number Of Product Per Row</label>
					<source_model>MGS\Mpanel\Model\Config\Source\Perrow</source_model>
				</field>
				<field id="featured" translate="label comment" type="select" sortOrder="40" showInDefault="1" showInWebsite="1" showInStore="1">
					<label>Featured Product Attribute</label>
					<source_model>MGS\Mpanel\Model\Config\Source\Attribute</source_model>
				</field>
				<field id="hot" translate="label comment" type="select" sortOrder="50" showInDefault="1" showInWebsite="1" showInStore="1">
					<label>Best Selling Product Attribute</label>
					<source_model>MGS\Mpanel\Model\Config\Source\Attribute</source_model>
				</field>
				<field id="max_width_image" translate="label comment" type="text" sortOrder="55" showInDefault="1" showInWebsite="1" showInStore="1">
					<label>Max Width of Product Images (Default)</label>
				</field>
				<field id="max_width_image_detail" translate="label comment" type="text" sortOrder="56" showInDefault="1" showInWebsite="1" showInStore="1">
					<label>Max Width of Product Images (Product View Page)</label>
				</field>
				<field id="picture_ratio" translate="label comment" type="select" sortOrder="60" showInDefault="1" showInWebsite="1" showInStore="1">
					<label>Product Picture ratio</label>
					<source_model>MGS\Mpanel\Model\Config\Source\Ratio</source_model>
				</field>
				<field id="new_label" translate="label comment" type="text" sortOrder="70" showInDefault="1" showInWebsite="1" showInStore="1">
					<label>New Label</label>
				</field>
				<field id="sale_label" translate="label comment" type="text" sortOrder="80" showInDefault="1" showInWebsite="1" showInStore="1">
					<label>Sale Label</label>
				</field>
				<field id="preload" translate="label comment" type="select" sortOrder="90" showInDefault="1" showInWebsite="1" showInStore="1">
					<label>Active Preload</label>
					<source_model>Magento\Config\Model\Config\Source\Yesno</source_model>
				</field>
				<field id="wishlist_button" translate="label comment" type="select" sortOrder="100" showInDefault="1" showInWebsite="1" showInStore="1">
					<label>Hide Add to Wishlist button</label>
					<source_model>Magento\Config\Model\Config\Source\Yesno</source_model>
				</field>
				<field id="compare_button" translate="label comment" type="select" sortOrder="110" showInDefault="1" showInWebsite="1" showInStore="1">
					<label>Hide Add to Compare button</label>
					<source_model>Magento\Config\Model\Config\Source\Yesno</source_model>
				</field>
			</group>
			<group id="form_mini_search" translate="label" type="text" sortOrder="30" showInDefault="1" showInWebsite="1" showInStore="1">
				<label>Form Mini Search</label>
				<field id="show_categories" translate="label comment" type="select" sortOrder="10" showInDefault="1" showInWebsite="1" showInStore="1">
					<label>Show Categories For Search</label>
					<source_model>Magento\Config\Model\Config\Source\Yesno</source_model>
				</field>
			</group>
			<!--group id="catalogsearch" translate="label" type="text" sortOrder="30" showInDefault="1" showInWebsite="1" showInStore="1">
				<label>Catalog Search</label>
				<field id="layout" translate="label comment" type="select" sortOrder="10" showInDefault="1" showInWebsite="1" showInStore="1">
					<label>Page Layout</label>
					<source_model>MGS\Mpanel\Model\Config\Source\Layout</source_model>
				</field>
				<field id="product_per_row" translate="label comment" type="select" sortOrder="30" showInDefault="1" showInWebsite="1" showInStore="1">
					<label>Number Of Product Per Row</label>
					<source_model>MGS\Mpanel\Model\Config\Source\Perrow</source_model>
				</field>
				<field id="picture_ratio" translate="label comment" type="select" sortOrder="60" showInDefault="1" showInWebsite="1" showInStore="1">
					<label>Product Picture ratio</label>
					<source_model>MGS\Mpanel\Model\Config\Source\Ratio</source_model>
				</field>
			</group-->
			<group id="product_details" translate="label" type="text" sortOrder="40" showInDefault="1" showInWebsite="1" showInStore="1">
				<label>Product Details</label>
				<field id="sku" translate="label comment" type="select" sortOrder="10" showInDefault="1" showInWebsite="1" showInStore="1">
					<label>Show Sku</label>
					<source_model>Magento\Config\Model\Config\Source\Yesno</source_model>
				</field>
				
				<field id="reviews_summary" translate="label comment" type="select" sortOrder="30" showInDefault="1" showInWebsite="1" showInStore="1">
					<label>Show Reviews Summary</label>
					<source_model>Magento\Config\Model\Config\Source\Yesno</source_model>
				</field>
				<!--field id="alert_urls" translate="label comment" type="select" sortOrder="40" showInDefault="1" showInWebsite="1" showInStore="1">
					<label>Show Alert URLs</label>
					<source_model>Magento\Config\Model\Config\Source\Yesno</source_model>
				</field-->
				<field id="wishlist" translate="label comment" type="select" sortOrder="50" showInDefault="1" showInWebsite="1" showInStore="1">
					<label>Show Add to Wishlist Link</label>
					<source_model>Magento\Config\Model\Config\Source\Yesno</source_model>
				</field>
				<field id="compare" translate="label comment" type="select" sortOrder="55" showInDefault="1" showInWebsite="1" showInStore="1">
					<label>Show Add to Compare Link</label>
					<source_model>Magento\Config\Model\Config\Source\Yesno</source_model>
				</field>
				<field id="short_description" translate="label comment" type="select" sortOrder="60" showInDefault="1" showInWebsite="1" showInStore="1">
					<label>Show Short Description</label>
					<source_model>Magento\Config\Model\Config\Source\Yesno</source_model>
				</field>
				<field id="upsell_products" translate="label comment" type="select" sortOrder="70" showInDefault="1" showInWebsite="1" showInStore="1">
					<label>Show Upsell Products</label>
					<source_model>Magento\Config\Model\Config\Source\Yesno</source_model>
				</field>
				<!--field id="brand_image" translate="label comment" type="select" sortOrder="80" showInDefault="1" showInWebsite="1" showInStore="1">
					<label>Show Brand Image</label>
					<source_model>Magento\Config\Model\Config\Source\Yesno</source_model>
				</field>
				<field id="brand_products" translate="label comment" type="select" sortOrder="90" showInDefault="1" showInWebsite="1" showInStore="1">
					<label>Show Same Brand Products</label>
					<source_model>Magento\Config\Model\Config\Source\Yesno</source_model>
				</field-->
			</group>
			<group id="product_tabs" translate="label" type="text" sortOrder="50" showInDefault="1" showInWebsite="1" showInStore="1">
				<label>Product Tabs</label>
				<field id="show_description" translate="label comment" type="select" sortOrder="10" showInDefault="1" showInWebsite="1" showInStore="1">
					<label>Show Description</label>
					<source_model>Magento\Config\Model\Config\Source\Yesno</source_model>
				</field>
				<!--field id="position_description" translate="label comment" type="text" sortOrder="20" showInDefault="1" showInWebsite="1" showInStore="1">
					<label>Description Position</label>
				</field-->
				<field id="show_additional" translate="label comment" type="select" sortOrder="30" showInDefault="1" showInWebsite="1" showInStore="1">
					<label>Show Additional Information</label>
					<source_model>Magento\Config\Model\Config\Source\Yesno</source_model>
				</field>
				<!--field id="position_additional" translate="label comment" type="text" sortOrder="40" showInDefault="1" showInWebsite="1" showInStore="1">
					<label>Additional Information Position</label>
				</field-->
				<field id="show_reviews" translate="label comment" type="select" sortOrder="50" showInDefault="1" showInWebsite="1" showInStore="1">
					<label>Show Reviews</label>
					<source_model>Magento\Config\Model\Config\Source\Yesno</source_model>
				</field>
				<!--field id="position_reviews" translate="label comment" type="text" sortOrder="60" showInDefault="1" showInWebsite="1" showInStore="1">
					<label>Reviews Position</label>
				</field>
				<field id="show_product_tag_list" translate="label comment" type="select" sortOrder="70" showInDefault="1" showInWebsite="1" showInStore="1">
					<label>Show Product Tags</label>
					<source_model>Magento\Config\Model\Config\Source\Yesno</source_model>
				</field>
				<field id="position_product_tag_list" translate="label comment" type="text" sortOrder="80" showInDefault="1" showInWebsite="1" showInStore="1">
					<label>Product Tags Position</label>
				</field-->
			</group>
			<group id="customer" translate="label" type="text" sortOrder="60" showInDefault="1" showInWebsite="1" showInStore="1">
				<label>Customer Navigation Links</label>
				<field id="account_dashboard" translate="label comment" type="select" sortOrder="10" showInDefault="1" showInWebsite="1" showInStore="1">
					<label>Show Account Dashboard Link</label>
					<source_model>Magento\Config\Model\Config\Source\Yesno</source_model>
				</field>
				<field id="account_information" translate="label comment" type="select" sortOrder="20" showInDefault="1" showInWebsite="1" showInStore="1">
					<label>Show Account Information Link</label>
					<source_model>Magento\Config\Model\Config\Source\Yesno</source_model>
				</field>
				<field id="address_book" translate="label comment" type="select" sortOrder="30" showInDefault="1" showInWebsite="1" showInStore="1">
					<label>Show Address Book Link</label>
					<source_model>Magento\Config\Model\Config\Source\Yesno</source_model>
				</field>
				<field id="downloadable" translate="label comment" type="select" sortOrder="40" showInDefault="1" showInWebsite="1" showInStore="1">
					<label>Show My Downloadable Products Link</label>
					<source_model>Magento\Config\Model\Config\Source\Yesno</source_model>
				</field>
				<field id="orders" translate="label comment" type="select" sortOrder="50" showInDefault="1" showInWebsite="1" showInStore="1">
					<label>Show My Orders Link</label>
					<source_model>Magento\Config\Model\Config\Source\Yesno</source_model>
				</field>
				<field id="newsletter" translate="label comment" type="select" sortOrder="60" showInDefault="1" showInWebsite="1" showInStore="1">
					<label>Show Newsletter Subscriptions Link</label>
					<source_model>Magento\Config\Model\Config\Source\Yesno</source_model>
				</field>
				<field id="billing_agreements" translate="label comment" type="select" sortOrder="70" showInDefault="1" showInWebsite="1" showInStore="1">
					<label>Show Billing Agreements Link</label>
					<source_model>Magento\Config\Model\Config\Source\Yesno</source_model>
				</field>
				<field id="reviews" translate="label comment" type="select" sortOrder="80" showInDefault="1" showInWebsite="1" showInStore="1">
					<label>Show My Product Reviews Link</label>
					<source_model>Magento\Config\Model\Config\Source\Yesno</source_model>
				</field>
				<field id="wishlist" translate="label comment" type="select" sortOrder="90" showInDefault="1" showInWebsite="1" showInStore="1">
					<label>Show My Wish List Link</label>
					<source_model>Magento\Config\Model\Config\Source\Yesno</source_model>
				</field>
			</group>
			<group id="contact_google_map" translate="label" type="text" sortOrder="65" showInDefault="1" showInWebsite="1" showInStore="1">
				<label>Contact Map</label>
				<field id="display_google_map" translate="label comment" type="select" sortOrder="10" showInDefault="1" showInWebsite="1" showInStore="1">
					<label>Display Google Map</label>
					<source_model>Magento\Config\Model\Config\Source\Yesno</source_model>
				</field>
				<field id="address_google_map" translate="label comment" type="textarea" sortOrder="20" showInDefault="1" showInWebsite="1" showInStore="1">
					<label>Address</label>
				</field>
				<field id="html_google_map" translate="label comment" type="textarea" sortOrder="30" showInDefault="1" showInWebsite="1" showInStore="1">
					<label>Html</label>
				</field>
				<field id="pin_google_map" translate="label comment" type="file" sortOrder="40" showInDefault="1" showInWebsite="1" showInStore="1">
					<label>Pin image</label>
                    <backend_model>MGS\Mpanel\Model\Config\Backend\Pin</backend_model>
                    <base_url type="media" scope_info="1">map</base_url>
				</field>
			</group>
		</section>
		
		<section id="mgstheme" translate="label" type="text" sortOrder="50" showInDefault="1" showInWebsite="1" showInStore="1">
			<label>Theme Settings</label>
			<tab>mgs</tab>
			<resource>MGS_Mpanel::config_mgstheme</resource>
			
			<group id="install" translate="label" type="text" sortOrder="1" showInDefault="1" showInWebsite="1" showInStore="1">
				<label>Install Theme</label>
				<frontend_model>MGS\Mpanel\Block\Adminhtml\System\Install</frontend_model>
			</group>
			<group id="import" translate="label" type="text" sortOrder="2" showInDefault="1" showInWebsite="1" showInStore="1">
				<label>Import</label>
				<frontend_model>MGS\Mpanel\Block\Adminhtml\System\Import</frontend_model>
			</group>
			
			<group id="general" translate="label" type="text" sortOrder="10" showInDefault="1" showInWebsite="1" showInStore="1">
				<label>General</label>
				<field id="width" translate="label comment" type="select" sortOrder="10" showInDefault="1" showInWebsite="1" showInStore="1">
					<label>Width</label>
					<source_model>MGS\Mpanel\Model\Config\Source\Width</source_model>
				</field>
				<field id="header" translate="label comment" type="select" sortOrder="11" showInDefault="1" showInWebsite="1" showInStore="1">
					<label>Header</label>
					<source_model>MGS\Mpanel\Model\Config\Source\Header</source_model>
				</field>
				<field id="footer" translate="label comment" type="select" sortOrder="12" showInDefault="1" showInWebsite="1" showInStore="1">
					<label>Footer</label>
					<source_model>MGS\Mpanel\Model\Config\Source\Footer</source_model>
				</field>
				<field id="sticky_menu" translate="label comment" type="select" sortOrder="20" showInDefault="1" showInWebsite="1" showInStore="1">
					<label>Sticky menu</label>
					<source_model>Magento\Config\Model\Config\Source\Yesno</source_model>
				</field>
				<field id="back_to_top" translate="label comment" type="select" sortOrder="30" showInDefault="1" showInWebsite="1" showInStore="1">
					<label>Display back to top icon</label>
					<source_model>Magento\Config\Model\Config\Source\Yesno</source_model>
				</field>
				<field id="popup_newsletter" translate="label comment" type="select" sortOrder="40" showInDefault="1" showInWebsite="1" showInStore="1">
					<label>Enable Popup Newsletter</label>
					<source_model>Magento\Config\Model\Config\Source\Yesno</source_model>
				</field>
			</group>
			
			<group id="background" translate="label" type="text" sortOrder="20" showInDefault="1" showInWebsite="1" showInStore="1">
				<label>Background</label>
				<field id="background_color" translate="label comment" type="text" sortOrder="10" showInDefault="1" showInWebsite="1" showInStore="1">
					<label>Background color</label>
					<frontend_model>MGS\Mpanel\Block\Adminhtml\Fields\Color</frontend_model>
				</field>
				<field id="background_image" translate="label" type="image" sortOrder="20" showInDefault="1" showInWebsite="1" showInStore="1">
                    <label>Background Image</label>
                    <comment>Allowed file types:PNG, GIF, JPG, JPEG.</comment>
                    <backend_model>MGS\Mpanel\Model\Config\Backend\Image</backend_model>
                    <base_url type="media" scope_info="1">background</base_url>
                </field>
				<field id="background_cover" translate="label comment" type="select" sortOrder="25" showInDefault="1" showInWebsite="1" showInStore="1">
					<label>Background cover</label>
					<source_model>Magento\Config\Model\Config\Source\Yesno</source_model>
				</field>
				<field id="background_repeat" translate="label comment" type="select" sortOrder="30" showInDefault="1" showInWebsite="1" showInStore="1">
					<label>Background Repeat</label>
					<source_model>MGS\Mpanel\Model\Config\Source\Repeat</source_model>
				</field>
				<field id="background_position_x" translate="label comment" type="select" sortOrder="40" showInDefault="1" showInWebsite="1" showInStore="1">
					<label>Background Position (x)</label>
					<source_model>MGS\Mpanel\Model\Config\Source\Positionx</source_model>
				</field>
				<field id="background_position_y" translate="label comment" type="select" sortOrder="50" showInDefault="1" showInWebsite="1" showInStore="1">
					<label>Background Position (y)</label>
					<source_model>MGS\Mpanel\Model\Config\Source\Positiony</source_model>
				</field>
			</group>
			
			<group id="fonts" translate="label" type="text" sortOrder="30" showInDefault="1" showInWebsite="1" showInStore="1">
				<label>Fonts</label>
				<field id="top_heading" translate="label comment" type="text" sortOrder="1" showInDefault="1" showInWebsite="1" showInStore="1">
					<label>Default Font</label>
					<frontend_model>MGS\Mpanel\Block\Adminhtml\Fields\Heading</frontend_model>
				</field>
				<field id="default_font" translate="label comment" type="select" sortOrder="10" showInDefault="1" showInWebsite="1" showInStore="1">
					<label>Font Family</label>
					<frontend_model>MGS\Mpanel\Block\Adminhtml\Fields\Fonts</frontend_model>
					<source_model>MGS\Mpanel\Model\Config\Source\Fonts</source_model>
				</field>
				<field id="default_font_size" translate="label comment" type="text" sortOrder="20" showInDefault="1" showInWebsite="1" showInStore="1">
					<label>Font Size</label>
					<comment>eg: 12px</comment>
				</field>
				<field id="top_heading_h1" translate="label comment" type="text" sortOrder="30" showInDefault="1" showInWebsite="1" showInStore="1">
					<label>Heading 1</label>
					<frontend_model>MGS\Mpanel\Block\Adminhtml\Fields\Heading</frontend_model>
				</field>
				<field id="h1" translate="label comment" type="select" sortOrder="40" showInDefault="1" showInWebsite="1" showInStore="1">
					<label>Font Family</label>
					<frontend_model>MGS\Mpanel\Block\Adminhtml\Fields\Fonts</frontend_model>
					<source_model>MGS\Mpanel\Model\Config\Source\Fonts</source_model>
				</field>
				<field id="h1_font_size" translate="label comment" type="text" sortOrder="50" showInDefault="1" showInWebsite="1" showInStore="1">
					<label>Font Size</label>
					<comment>eg: 12px</comment>
				</field>
				<field id="top_heading_h2" translate="label comment" type="text" sortOrder="60" showInDefault="1" showInWebsite="1" showInStore="1">
					<label>Heading 2</label>
					<frontend_model>MGS\Mpanel\Block\Adminhtml\Fields\Heading</frontend_model>
				</field>
				<field id="h2" translate="label comment" type="select" sortOrder="70" showInDefault="1" showInWebsite="1" showInStore="1">
					<label>Font Family</label>
					<frontend_model>MGS\Mpanel\Block\Adminhtml\Fields\Fonts</frontend_model>
					<source_model>MGS\Mpanel\Model\Config\Source\Fonts</source_model>
				</field>
				<field id="h2_font_size" translate="label comment" type="text" sortOrder="80" showInDefault="1" showInWebsite="1" showInStore="1">
					<label>Font Size</label>
					<comment>eg: 12px</comment>
				</field>
				<field id="top_heading_h3" translate="label comment" type="text" sortOrder="90" showInDefault="1" showInWebsite="1" showInStore="1">
					<label>Heading 3</label>
					<frontend_model>MGS\Mpanel\Block\Adminhtml\Fields\Heading</frontend_model>
				</field>
				<field id="h3" translate="label comment" type="select" sortOrder="100" showInDefault="1" showInWebsite="1" showInStore="1">
					<label>Font Family</label>
					<frontend_model>MGS\Mpanel\Block\Adminhtml\Fields\Fonts</frontend_model>
					<source_model>MGS\Mpanel\Model\Config\Source\Fonts</source_model>
				</field>
				<field id="h3_font_size" translate="label comment" type="text" sortOrder="110" showInDefault="1" showInWebsite="1" showInStore="1">
					<label>Font Size</label>
					<comment>eg: 12px</comment>
				</field>
				<field id="top_heading_h4" translate="label comment" type="text" sortOrder="120" showInDefault="1" showInWebsite="1" showInStore="1">
					<label>Heading 4</label>
					<frontend_model>MGS\Mpanel\Block\Adminhtml\Fields\Heading</frontend_model>
				</field>
				<field id="h4" translate="label comment" type="select" sortOrder="130" showInDefault="1" showInWebsite="1" showInStore="1">
					<label>Font Family</label>
					<frontend_model>MGS\Mpanel\Block\Adminhtml\Fields\Fonts</frontend_model>
					<source_model>MGS\Mpanel\Model\Config\Source\Fonts</source_model>
				</field>
				<field id="h4_font_size" translate="label comment" type="text" sortOrder="140" showInDefault="1" showInWebsite="1" showInStore="1">
					<label>Font Size</label>
					<comment>eg: 12px</comment>
				</field>
				<field id="top_heading_h5" translate="label comment" type="text" sortOrder="150" showInDefault="1" showInWebsite="1" showInStore="1">
					<label>Heading 5</label>
					<frontend_model>MGS\Mpanel\Block\Adminhtml\Fields\Heading</frontend_model>
				</field>
				<field id="h5" translate="label comment" type="select" sortOrder="160" showInDefault="1" showInWebsite="1" showInStore="1">
					<label>Font Family</label>
					<frontend_model>MGS\Mpanel\Block\Adminhtml\Fields\Fonts</frontend_model>
					<source_model>MGS\Mpanel\Model\Config\Source\Fonts</source_model>
				</field>
				<field id="h5_font_size" translate="label comment" type="text" sortOrder="170" showInDefault="1" showInWebsite="1" showInStore="1">
					<label>Font Size</label>
					<comment>eg: 12px</comment>
				</field>
				<field id="top_heading_h6" translate="label comment" type="text" sortOrder="180" showInDefault="1" showInWebsite="1" showInStore="1">
					<label>Heading 6</label>
					<frontend_model>MGS\Mpanel\Block\Adminhtml\Fields\Heading</frontend_model>
				</field>
				<field id="h6" translate="label comment" type="select" sortOrder="190" showInDefault="1" showInWebsite="1" showInStore="1">
					<label>Font Family</label>
					<frontend_model>MGS\Mpanel\Block\Adminhtml\Fields\Fonts</frontend_model>
					<source_model>MGS\Mpanel\Model\Config\Source\Fonts</source_model>
				</field>
				<field id="h6_font_size" translate="label comment" type="text" sortOrder="200" showInDefault="1" showInWebsite="1" showInStore="1">
					<label>Font Size</label>
					<comment>eg: 12px</comment>
				</field>
				<field id="top_heading_btn" translate="label comment" type="text" sortOrder="201" showInDefault="1" showInWebsite="1" showInStore="1">
					<label>Button</label>
					<frontend_model>MGS\Mpanel\Block\Adminhtml\Fields\Heading</frontend_model>
				</field>
				<field id="btn" translate="label comment" type="select" sortOrder="202" showInDefault="1" showInWebsite="1" showInStore="1">
					<label>Font Family</label>
					<frontend_model>MGS\Mpanel\Block\Adminhtml\Fields\Fonts</frontend_model>
					<source_model>MGS\Mpanel\Model\Config\Source\Fonts</source_model>
				</field>
				<field id="btn_font_size" translate="label comment" type="text" sortOrder="203" showInDefault="1" showInWebsite="1" showInStore="1">
					<label>Font Size</label>
					<comment>eg: 12px</comment>
				</field>
				<field id="top_heading_price" translate="label comment" type="text" sortOrder="210" showInDefault="1" showInWebsite="1" showInStore="1">
					<label>Price</label>
					<frontend_model>MGS\Mpanel\Block\Adminhtml\Fields\Heading</frontend_model>
				</field>
				<field id="price" translate="label comment" type="select" sortOrder="220" showInDefault="1" showInWebsite="1" showInStore="1">
					<label>Font Family</label>
					<frontend_model>MGS\Mpanel\Block\Adminhtml\Fields\Fonts</frontend_model>
					<source_model>MGS\Mpanel\Model\Config\Source\Fonts</source_model>
				</field>
				<field id="price_font_size" translate="label comment" type="text" sortOrder="230" showInDefault="1" showInWebsite="1" showInStore="1">
					<label>Font Size</label>
					<comment>eg: 12px</comment>
				</field>
				<field id="top_heading_menu" translate="label comment" type="text" sortOrder="240" showInDefault="1" showInWebsite="1" showInStore="1">
					<label>Menu</label>
					<frontend_model>MGS\Mpanel\Block\Adminhtml\Fields\Heading</frontend_model>
				</field>
				<field id="menu" translate="label comment" type="select" sortOrder="250" showInDefault="1" showInWebsite="1" showInStore="1">
					<label>Font Family</label>
					<frontend_model>MGS\Mpanel\Block\Adminhtml\Fields\Fonts</frontend_model>
					<source_model>MGS\Mpanel\Model\Config\Source\Fonts</source_model>
				</field>
				<field id="menu_font_size" translate="label comment" type="text" sortOrder="260" showInDefault="1" showInWebsite="1" showInStore="1">
					<label>Font Size</label>
					<comment>eg: 12px</comment>
				</field>
			</group>
			
			<group id="custom_style" translate="label" type="text" sortOrder="40" showInDefault="1" showInWebsite="1" showInStore="1">
				<label>Custom Style</label>
				<field id="top_heading" translate="label comment" type="text" sortOrder="1" showInDefault="1" showInWebsite="1" showInStore="1">
					<label>Custom Font Family</label>
					<frontend_model>MGS\Mpanel\Block\Adminhtml\Fields\Heading</frontend_model>
				</field>
				<field id="font_name" translate="label comment" type="text" sortOrder="10" showInDefault="1" showInWebsite="1" showInStore="1">
					<label>Font Name</label>
				</field>
				<field id="ttf_file" translate="label" type="file" sortOrder="20" showInDefault="1" showInWebsite="1" showInStore="1">
                    <label>TTF File</label>
                    <comment>Allowed file type: ttf</comment>
                    <backend_model>MGS\Mpanel\Model\Config\Backend\Ttf</backend_model>
                    <base_url type="media" scope_info="1">fonts</base_url>
                </field>
				<field id="eot_file" translate="label" type="file" sortOrder="30" showInDefault="1" showInWebsite="1" showInStore="1">
                    <label>EOT File</label>
                    <comment>Allowed file type: eot</comment>
                    <backend_model>MGS\Mpanel\Model\Config\Backend\Eot</backend_model>
                    <base_url type="media" scope_info="1">fonts</base_url>
                </field>
				<field id="woff_file" translate="label" type="file" sortOrder="40" showInDefault="1" showInWebsite="1" showInStore="1">
                    <label>WOFF File</label>
                    <comment>Allowed file type: woff</comment>
                    <backend_model>MGS\Mpanel\Model\Config\Backend\Woff</backend_model>
                    <base_url type="media" scope_info="1">fonts</base_url>
                </field>
				<field id="svg_file" translate="label" type="file" sortOrder="50" showInDefault="1" showInWebsite="1" showInStore="1">
                    <label>SVG File</label>
                    <comment>Allowed file type: svg</comment>
                    <backend_model>MGS\Mpanel\Model\Config\Backend\Svg</backend_model>
                    <base_url type="media" scope_info="1">fonts</base_url>
                </field>
				<field id="top_heading_1" translate="label comment" type="text" sortOrder="60" showInDefault="1" showInWebsite="1" showInStore="1">
					<label>Custom Style</label>
					<frontend_model>MGS\Mpanel\Block\Adminhtml\Fields\Heading</frontend_model>
				</field>
				<field id="style" translate="label comment" type="textarea" sortOrder="70" showInDefault="1" showInWebsite="1" showInStore="1">
					<label>Add Custom Style</label>
				</field>
			</group>
			<group id="banner_slider" translate="label" type="text" sortOrder="100" showInDefault="1" showInWebsite="1" showInStore="1">
				<label>Banner Slider</label>
				<field id="slider_tyle" translate="label comment" type="select" showInDefault="1" showInWebsite="1" showInStore="1" sortOrder="60">
                    <label>Show Slider With Type</label>
                    <source_model>MGS\Mpanel\Model\Config\Source\Slider</source_model>
                </field>
				<field id="id_reslider" translate="label comment" type="text" showInDefault="1" showInWebsite="1" showInStore="1" sortOrder="70">
                    <label>Revolution Slider Id</label>
                    <depends>
                        <field id="slider_tyle">1</field>
                    </depends>
                </field>
				<field id="identifier_block" translate="label comment" type="text" showInDefault="1" showInWebsite="1" showInStore="1" sortOrder="75">
                    <label>Static Block Identifier</label>
                    <depends>
                        <field id="slider_tyle">2</field>
                    </depends>
                </field>
                <field id="banner_owl_auto" translate="label comment" type="select" showInDefault="1" showInWebsite="1" showInStore="1" sortOrder="80">
                    <label>Auto Play</label>
                    <source_model>Magento\Config\Model\Config\Source\Yesno</source_model>
                    <depends>
                        <field id="slider_tyle">2</field>
                    </depends>
                </field>
                <field id="banner_owl_nav" translate="label comment" type="select" showInDefault="1" showInWebsite="1" showInStore="1" sortOrder="80">
                    <label>Navigation</label>
                    <source_model>Magento\Config\Model\Config\Source\Yesno</source_model>
                    <depends>
                        <field id="slider_tyle">2</field>
                    </depends>
                </field>
                <field id="banner_owl_dot" translate="label comment" type="select" showInDefault="1" showInWebsite="1" showInStore="1" sortOrder="80">
                    <label>Pagination</label>
                    <source_model>Magento\Config\Model\Config\Source\Yesno</source_model>
                    <depends>
                        <field id="slider_tyle">2</field>
                    </depends>
                </field>
                <field id="banner_owl_loop" translate="label comment" type="select" showInDefault="1" showInWebsite="1" showInStore="1" sortOrder="80">
                    <label>Loop</label>
                    <source_model>Magento\Config\Model\Config\Source\Yesno</source_model>
                    <depends>
                        <field id="slider_tyle">2</field>
                    </depends>
                </field>
                <field id="banner_owl_speed" translate="label comment" type="text" showInDefault="1" showInWebsite="1" showInStore="1" sortOrder="85">
                    <label>Auto Play Speed</label>
                    <depends>
                        <field id="banner_owl_auto">1</field>
                    </depends>
					<comment>ms</comment>
                </field>
			</group>
		</section>
		<section id="color" translate="label" type="text" sortOrder="60" showInDefault="1" showInWebsite="1" showInStore="1">
			<label>Theme Color</label>
			<tab>mgs</tab>
			<resource>MGS_Mpanel::config_color</resource>
			<group id="general" translate="label" type="text" sortOrder="5" showInDefault="1" showInWebsite="1" showInStore="1">
				<label>General</label>
				<field id="theme_color" translate="label comment" type="text" sortOrder="10" showInDefault="1" showInWebsite="1" showInStore="1">
					<label>Theme color</label>
					<frontend_model>MGS\Mpanel\Block\Adminhtml\Fields\Color</frontend_model>
					<depends>
                        <field id="header_custom">1</field>
                    </depends>
				</field>
			</group>
			<group id="header" translate="label" type="text" sortOrder="10" showInDefault="1" showInWebsite="1" showInStore="1">
				<label>Header</label>
				<field id="header_custom" translate="label comment" type="select" sortOrder="10" showInDefault="1" showInWebsite="1" showInStore="1">
					<label>Use Custom</label>
					<source_model>Magento\Config\Model\Config\Source\Yesno</source_model>
				</field>
				
				<field id="header_heading" translate="label comment" type="text" sortOrder="20" showInDefault="1" showInWebsite="1" showInStore="1">
					<label>Top Links Section</label>
					<frontend_model>MGS\Mpanel\Block\Adminhtml\Fields\Heading</frontend_model>
					<depends>
                        <field id="header_custom">1</field>
                    </depends>
				</field>
				<field id="background_color" translate="label comment" type="text" sortOrder="30" showInDefault="1" showInWebsite="1" showInStore="1">
					<label>Background color</label>
					<frontend_model>MGS\Mpanel\Block\Adminhtml\Fields\Color</frontend_model>
					<depends>
                        <field id="header_custom">1</field>
                    </depends>
				</field>
				<field id="text_color" translate="label comment" type="text" sortOrder="40" showInDefault="1" showInWebsite="1" showInStore="1">
					<label>Text color</label>
					<frontend_model>MGS\Mpanel\Block\Adminhtml\Fields\Color</frontend_model>
					<depends>
                        <field id="header_custom">1</field>
                    </depends>
				</field>
				<field id="link_color" translate="label comment" type="text" sortOrder="50" showInDefault="1" showInWebsite="1" showInStore="1">
					<label>Link color</label>
					<frontend_model>MGS\Mpanel\Block\Adminhtml\Fields\Color</frontend_model>
					<depends>
                        <field id="header_custom">1</field>
                    </depends>
				</field>
				<field id="link_hover_color" translate="label comment" type="text" sortOrder="60" showInDefault="1" showInWebsite="1" showInStore="1">
					<label>Link hover color</label>
					<frontend_model>MGS\Mpanel\Block\Adminhtml\Fields\Color</frontend_model>
					<depends>
                        <field id="header_custom">1</field>
                    </depends>
				</field>
				<field id="dropdown_background" translate="label comment" type="text" sortOrder="70" showInDefault="1" showInWebsite="1" showInStore="1">
					<label>Dropdown Background color</label>
					<frontend_model>MGS\Mpanel\Block\Adminhtml\Fields\Color</frontend_model>
					<depends>
                        <field id="header_custom">1</field>
                    </depends>
				</field>
				<field id="dropdown_link_color" translate="label comment" type="text" sortOrder="80" showInDefault="1" showInWebsite="1" showInStore="1">
					<label>Dropdown link color</label>
					<frontend_model>MGS\Mpanel\Block\Adminhtml\Fields\Color</frontend_model>
					<depends>
                        <field id="header_custom">1</field>
                    </depends>
				</field>
				<field id="dropdown_link_hover_color" translate="label comment" type="text" sortOrder="90" showInDefault="1" showInWebsite="1" showInStore="1">
					<label>Dropdown link hover color</label>
					<frontend_model>MGS\Mpanel\Block\Adminhtml\Fields\Color</frontend_model>
					<depends>
                        <field id="header_custom">1</field>
                    </depends>
				</field>
				<field id="header_middle" translate="label comment" type="text" sortOrder="100" showInDefault="1" showInWebsite="1" showInStore="1">
					<label>Middle Section</label>
					<frontend_model>MGS\Mpanel\Block\Adminhtml\Fields\Heading</frontend_model>
					<depends>
                        <field id="header_custom">1</field>
                    </depends>
				</field>
				<field id="middle_background" translate="label comment" type="text" sortOrder="110" showInDefault="1" showInWebsite="1" showInStore="1">
					<label>Background color</label>
					<frontend_model>MGS\Mpanel\Block\Adminhtml\Fields\Color</frontend_model>
					<depends>
                        <field id="header_custom">1</field>
                    </depends>
				</field>
				<field id="top_search" translate="label comment" type="text" sortOrder="120" showInDefault="1" showInWebsite="1" showInStore="1">
					<label>Top Search Section</label>
					<frontend_model>MGS\Mpanel\Block\Adminhtml\Fields\Heading</frontend_model>
					<depends>
                        <field id="header_custom">1</field>
                    </depends>
				</field>
				<field id="search_input_background" translate="label comment" type="text" sortOrder="130" showInDefault="1" showInWebsite="1" showInStore="1">
					<label>Input Background color</label>
					<frontend_model>MGS\Mpanel\Block\Adminhtml\Fields\Color</frontend_model>
					<depends>
                        <field id="header_custom">1</field>
                    </depends>
				</field>
				<field id="search_input_border" translate="label comment" type="text" sortOrder="140" showInDefault="1" showInWebsite="1" showInStore="1">
					<label>Input Border color</label>
					<frontend_model>MGS\Mpanel\Block\Adminhtml\Fields\Color</frontend_model>
					<depends>
                        <field id="header_custom">1</field>
                    </depends>
				</field>
				<field id="search_input_text" translate="label comment" type="text" sortOrder="150" showInDefault="1" showInWebsite="1" showInStore="1">
					<label>Input text color</label>
					<frontend_model>MGS\Mpanel\Block\Adminhtml\Fields\Color</frontend_model>
					<depends>
                        <field id="header_custom">1</field>
                    </depends>
				</field>
				<field id="search_button_background" translate="label comment" type="text" sortOrder="160" showInDefault="1" showInWebsite="1" showInStore="1">
					<label>Button Background color</label>
					<frontend_model>MGS\Mpanel\Block\Adminhtml\Fields\Color</frontend_model>
					<depends>
                        <field id="header_custom">1</field>
                    </depends>
				</field>
				<field id="search_button_background_hover" translate="label comment" type="text" sortOrder="170" showInDefault="1" showInWebsite="1" showInStore="1">
					<label>Button hover Background color</label>
					<frontend_model>MGS\Mpanel\Block\Adminhtml\Fields\Color</frontend_model>
					<depends>
                        <field id="header_custom">1</field>
                    </depends>
				</field>
				<field id="search_button_text" translate="label comment" type="text" sortOrder="180" showInDefault="1" showInWebsite="1" showInStore="1">
					<label>Button icon color</label>
					<frontend_model>MGS\Mpanel\Block\Adminhtml\Fields\Color</frontend_model>
					<depends>
                        <field id="header_custom">1</field>
                    </depends>
				</field>
				<field id="search_button_text_hover" translate="label comment" type="text" sortOrder="190" showInDefault="1" showInWebsite="1" showInStore="1">
					<label>Button hover icon color</label>
					<frontend_model>MGS\Mpanel\Block\Adminhtml\Fields\Color</frontend_model>
					<depends>
                        <field id="header_custom">1</field>
                    </depends>
				</field>
				
				<field id="top_cart" translate="label comment" type="text" sortOrder="200" showInDefault="1" showInWebsite="1" showInStore="1">
					<label>Top Cart Section</label>
					<frontend_model>MGS\Mpanel\Block\Adminhtml\Fields\Heading</frontend_model>
					<depends>
                        <field id="header_custom">1</field>
                    </depends>
				</field>
				<field id="cart_icon" translate="label comment" type="text" sortOrder="210" showInDefault="1" showInWebsite="1" showInStore="1">
					<label>Icon color</label>
					<frontend_model>MGS\Mpanel\Block\Adminhtml\Fields\Color</frontend_model>
					<depends>
                        <field id="header_custom">1</field>
                    </depends>
				</field>
				<field id="cart_number" translate="label comment" type="text" sortOrder="220" showInDefault="1" showInWebsite="1" showInStore="1">
					<label>Number color</label>
					<frontend_model>MGS\Mpanel\Block\Adminhtml\Fields\Color</frontend_model>
					<depends>
                        <field id="header_custom">1</field>
                    </depends>
				</field>
				<field id="cart_number_background" translate="label comment" type="text" sortOrder="225" showInDefault="1" showInWebsite="1" showInStore="1">
					<label>Number background color</label>
					<frontend_model>MGS\Mpanel\Block\Adminhtml\Fields\Color</frontend_model>
					<depends>
                        <field id="header_custom">1</field>
                    </depends>
				</field>
				
				<field id="cart_dropdown_background" translate="label comment" type="text" sortOrder="230" showInDefault="1" showInWebsite="1" showInStore="1">
					<label>Dropdown background color</label>
					<frontend_model>MGS\Mpanel\Block\Adminhtml\Fields\Color</frontend_model>
					<depends>
                        <field id="header_custom">1</field>
                    </depends>
				</field>
				<field id="cart_dropdown_border" translate="label comment" type="text" sortOrder="240" showInDefault="1" showInWebsite="1" showInStore="1">
					<label>Dropdown border color</label>
					<frontend_model>MGS\Mpanel\Block\Adminhtml\Fields\Color</frontend_model>
					<depends>
                        <field id="header_custom">1</field>
                    </depends>
				</field>
				<field id="cart_dropdown_text" translate="label comment" type="text" sortOrder="250" showInDefault="1" showInWebsite="1" showInStore="1">
					<label>Dropdown text color</label>
					<frontend_model>MGS\Mpanel\Block\Adminhtml\Fields\Color</frontend_model>
					<depends>
                        <field id="header_custom">1</field>
                    </depends>
				</field>
				<field id="cart_dropdown_link" translate="label comment" type="text" sortOrder="260" showInDefault="1" showInWebsite="1" showInStore="1">
					<label>Dropdown link color</label>
					<frontend_model>MGS\Mpanel\Block\Adminhtml\Fields\Color</frontend_model>
					<depends>
                        <field id="header_custom">1</field>
                    </depends>
				</field>
				<field id="cart_dropdown_link_hover" translate="label comment" type="text" sortOrder="270" showInDefault="1" showInWebsite="1" showInStore="1">
					<label>Dropdown link hover color</label>
					<frontend_model>MGS\Mpanel\Block\Adminhtml\Fields\Color</frontend_model>
					<depends>
                        <field id="header_custom">1</field>
                    </depends>
				</field>
				<field id="cart_dropdown_button_background" translate="label comment" type="text" sortOrder="280" showInDefault="1" showInWebsite="1" showInStore="1">
					<label>Dropdown button background color</label>
					<frontend_model>MGS\Mpanel\Block\Adminhtml\Fields\Color</frontend_model>
					<depends>
                        <field id="header_custom">1</field>
                    </depends>
				</field>
				<field id="cart_dropdown_button_background_hover" translate="label comment" type="text" sortOrder="290" showInDefault="1" showInWebsite="1" showInStore="1">
					<label>Dropdown button hover background color</label>
					<frontend_model>MGS\Mpanel\Block\Adminhtml\Fields\Color</frontend_model>
					<depends>
                        <field id="header_custom">1</field>
                    </depends>
				</field>
				<field id="cart_dropdown_button_text" translate="label comment" type="text" sortOrder="300" showInDefault="1" showInWebsite="1" showInStore="1">
					<label>Dropdown button text color</label>
					<frontend_model>MGS\Mpanel\Block\Adminhtml\Fields\Color</frontend_model>
					<depends>
                        <field id="header_custom">1</field>
                    </depends>
				</field>
				<field id="cart_dropdown_button_text_hover" translate="label comment" type="text" sortOrder="310" showInDefault="1" showInWebsite="1" showInStore="1">
					<label>Dropdown button hover text color</label>
					<frontend_model>MGS\Mpanel\Block\Adminhtml\Fields\Color</frontend_model>
					<depends>
                        <field id="header_custom">1</field>
                    </depends>
				</field>
				
				<field id="menu" translate="label comment" type="text" sortOrder="320" showInDefault="1" showInWebsite="1" showInStore="1">
					<label>Menu Section</label>
					<frontend_model>MGS\Mpanel\Block\Adminhtml\Fields\Heading</frontend_model>
					<depends>
                        <field id="header_custom">1</field>
                    </depends>
				</field>
				<field id="menu_background" translate="label comment" type="text" sortOrder="325" showInDefault="1" showInWebsite="1" showInStore="1">
					<label>Section background color</label>
					<frontend_model>MGS\Mpanel\Block\Adminhtml\Fields\Color</frontend_model>
					<depends>
                        <field id="header_custom">1</field>
                    </depends>
				</field>
				<field id="lv1_color" translate="label comment" type="text" sortOrder="330" showInDefault="1" showInWebsite="1" showInStore="1">
					<label>Level 1 link color</label>
					<frontend_model>MGS\Mpanel\Block\Adminhtml\Fields\Color</frontend_model>
					<depends>
                        <field id="header_custom">1</field>
                    </depends>
				</field>
				<field id="lv1_color_hover" translate="label comment" type="text" sortOrder="340" showInDefault="1" showInWebsite="1" showInStore="1">
					<label>Level 1 link hover color</label>
					<frontend_model>MGS\Mpanel\Block\Adminhtml\Fields\Color</frontend_model>
					<depends>
                        <field id="header_custom">1</field>
                    </depends>
				</field>
				<field id="lv1_background" translate="label comment" type="text" sortOrder="350" showInDefault="1" showInWebsite="1" showInStore="1">
					<label>Level 1 background color</label>
					<frontend_model>MGS\Mpanel\Block\Adminhtml\Fields\Color</frontend_model>
					<depends>
                        <field id="header_custom">1</field>
                    </depends>
				</field>
				<field id="lv1_background_hover" translate="label comment" type="text" sortOrder="360" showInDefault="1" showInWebsite="1" showInStore="1">
					<label>Level 1 hover background color</label>
					<frontend_model>MGS\Mpanel\Block\Adminhtml\Fields\Color</frontend_model>
					<depends>
                        <field id="header_custom">1</field>
                    </depends>
				</field>
				<field id="menu_dropdown_link_color" translate="label comment" type="text" sortOrder="370" showInDefault="1" showInWebsite="1" showInStore="1">
					<label>Dropdown link color</label>
					<frontend_model>MGS\Mpanel\Block\Adminhtml\Fields\Color</frontend_model>
					<depends>
                        <field id="header_custom">1</field>
                    </depends>
				</field>
				<field id="menu_dropdown_link_color_hover" translate="label comment" type="text" sortOrder="380" showInDefault="1" showInWebsite="1" showInStore="1">
					<label>Dropdown link hover color</label>
					<frontend_model>MGS\Mpanel\Block\Adminhtml\Fields\Color</frontend_model>
					<depends>
                        <field id="header_custom">1</field>
                    </depends>
				</field>
				<field id="menu_dropdown_background" translate="label comment" type="text" sortOrder="390" showInDefault="1" showInWebsite="1" showInStore="1">
					<label>Dropdown background color</label>
					<frontend_model>MGS\Mpanel\Block\Adminhtml\Fields\Color</frontend_model>
					<depends>
                        <field id="header_custom">1</field>
                    </depends>
				</field>
				<field id="menu_dropdown_background_hover" translate="label comment" type="text" sortOrder="400" showInDefault="1" showInWebsite="1" showInStore="1">
					<label>Dropdown hover background color</label>
					<frontend_model>MGS\Mpanel\Block\Adminhtml\Fields\Color</frontend_model>
					<depends>
                        <field id="header_custom">1</field>
                    </depends>
				</field>
			</group>
			<group id="main" translate="label" type="text" sortOrder="20" showInDefault="1" showInWebsite="1" showInStore="1">
				<label>Main Content</label>
				<field id="main_custom" translate="label comment" type="select" sortOrder="10" showInDefault="1" showInWebsite="1" showInStore="1">
					<label>Use Custom</label>
					<source_model>Magento\Config\Model\Config\Source\Yesno</source_model>
				</field>
				
				<field id="main_section" translate="label comment" type="text" sortOrder="20" showInDefault="1" showInWebsite="1" showInStore="1">
					<label><![CDATA[Text & Link]]></label>
					<frontend_model>MGS\Mpanel\Block\Adminhtml\Fields\Heading</frontend_model>
					<depends>
                        <field id="main_custom">1</field>
                    </depends>
				</field>
				<field id="text_color" translate="label comment" type="text" sortOrder="30" showInDefault="1" showInWebsite="1" showInStore="1">
					<label>Text color</label>
					<frontend_model>MGS\Mpanel\Block\Adminhtml\Fields\Color</frontend_model>
					<depends>
                        <field id="main_custom">1</field>
                    </depends>
				</field>
				<field id="link_color" translate="label comment" type="text" sortOrder="40" showInDefault="1" showInWebsite="1" showInStore="1">
					<label>Link color</label>
					<frontend_model>MGS\Mpanel\Block\Adminhtml\Fields\Color</frontend_model>
					<depends>
                        <field id="main_custom">1</field>
                    </depends>
				</field>
				<field id="link_color_hover" translate="label comment" type="text" sortOrder="50" showInDefault="1" showInWebsite="1" showInStore="1">
					<label>Link hover color</label>
					<frontend_model>MGS\Mpanel\Block\Adminhtml\Fields\Color</frontend_model>
					<depends>
                        <field id="main_custom">1</field>
                    </depends>
				</field>
				<field id="price_color" translate="label comment" type="text" sortOrder="60" showInDefault="1" showInWebsite="1" showInStore="1">
					<label>Price color</label>
					<frontend_model>MGS\Mpanel\Block\Adminhtml\Fields\Color</frontend_model>
					<depends>
                        <field id="main_custom">1</field>
                    </depends>
				</field>
				
				<field id="default_button_heading" translate="label comment" type="text" sortOrder="70" showInDefault="1" showInWebsite="1" showInStore="1">
					<label>Default Button</label>
					<frontend_model>MGS\Mpanel\Block\Adminhtml\Fields\Heading</frontend_model>
					<depends>
                        <field id="main_custom">1</field>
                    </depends>
				</field>
				<field id="button_text" translate="label comment" type="text" sortOrder="80" showInDefault="1" showInWebsite="1" showInStore="1">
					<label>Text color</label>
					<frontend_model>MGS\Mpanel\Block\Adminhtml\Fields\Color</frontend_model>
					<depends>
                        <field id="main_custom">1</field>
                    </depends>
				</field>
				<field id="button_text_hover" translate="label comment" type="text" sortOrder="90" showInDefault="1" showInWebsite="1" showInStore="1">
					<label>Hover text color</label>
					<frontend_model>MGS\Mpanel\Block\Adminhtml\Fields\Color</frontend_model>
					<depends>
                        <field id="main_custom">1</field>
                    </depends>
				</field>
				<field id="button_background" translate="label comment" type="text" sortOrder="100" showInDefault="1" showInWebsite="1" showInStore="1">
					<label>Background color</label>
					<frontend_model>MGS\Mpanel\Block\Adminhtml\Fields\Color</frontend_model>
					<depends>
                        <field id="main_custom">1</field>
                    </depends>
				</field>
				<field id="button_background_hover" translate="label comment" type="text" sortOrder="110" showInDefault="1" showInWebsite="1" showInStore="1">
					<label>Hover background color</label>
					<frontend_model>MGS\Mpanel\Block\Adminhtml\Fields\Color</frontend_model>
					<depends>
                        <field id="main_custom">1</field>
                    </depends>
				</field>
				<field id="button_border" translate="label comment" type="text" sortOrder="120" showInDefault="1" showInWebsite="1" showInStore="1">
					<label>Border color</label>
					<frontend_model>MGS\Mpanel\Block\Adminhtml\Fields\Color</frontend_model>
					<depends>
                        <field id="main_custom">1</field>
                    </depends>
				</field>
				<field id="button_border_hover" translate="label comment" type="text" sortOrder="130" showInDefault="1" showInWebsite="1" showInStore="1">
					<label>Hover border color</label>
					<frontend_model>MGS\Mpanel\Block\Adminhtml\Fields\Color</frontend_model>
					<depends>
                        <field id="main_custom">1</field>
                    </depends>
				</field>
				
				<field id="primary_button_heading" translate="label comment" type="text" sortOrder="140" showInDefault="1" showInWebsite="1" showInStore="1">
					<label>Primary Button</label>
					<frontend_model>MGS\Mpanel\Block\Adminhtml\Fields\Heading</frontend_model>
					<depends>
                        <field id="main_custom">1</field>
                    </depends>
				</field>
				<field id="primary_button_text" translate="label comment" type="text" sortOrder="150" showInDefault="1" showInWebsite="1" showInStore="1">
					<label>Text color</label>
					<frontend_model>MGS\Mpanel\Block\Adminhtml\Fields\Color</frontend_model>
					<depends>
                        <field id="main_custom">1</field>
                    </depends>
				</field>
				<field id="primary_button_text_hover" translate="label comment" type="text" sortOrder="160" showInDefault="1" showInWebsite="1" showInStore="1">
					<label>Hover text color</label>
					<frontend_model>MGS\Mpanel\Block\Adminhtml\Fields\Color</frontend_model>
					<depends>
                        <field id="main_custom">1</field>
                    </depends>
				</field>
				<field id="primary_button_background" translate="label comment" type="text" sortOrder="170" showInDefault="1" showInWebsite="1" showInStore="1">
					<label>Background color</label>
					<frontend_model>MGS\Mpanel\Block\Adminhtml\Fields\Color</frontend_model>
					<depends>
                        <field id="main_custom">1</field>
                    </depends>
				</field>
				<field id="primary_button_background_hover" translate="label comment" type="text" sortOrder="180" showInDefault="1" showInWebsite="1" showInStore="1">
					<label>Hover background color</label>
					<frontend_model>MGS\Mpanel\Block\Adminhtml\Fields\Color</frontend_model>
					<depends>
                        <field id="main_custom">1</field>
                    </depends>
				</field>
				<field id="primary_button_border" translate="label comment" type="text" sortOrder="190" showInDefault="1" showInWebsite="1" showInStore="1">
					<label>Border color</label>
					<frontend_model>MGS\Mpanel\Block\Adminhtml\Fields\Color</frontend_model>
					<depends>
                        <field id="main_custom">1</field>
                    </depends>
				</field>
				<field id="primary_button_border_hover" translate="label comment" type="text" sortOrder="200" showInDefault="1" showInWebsite="1" showInStore="1">
					<label>Hover border color</label>
					<frontend_model>MGS\Mpanel\Block\Adminhtml\Fields\Color</frontend_model>
					<depends>
                        <field id="main_custom">1</field>
                    </depends>
				</field>
				
				<field id="secondary_button_heading" translate="label comment" type="text" sortOrder="210" showInDefault="1" showInWebsite="1" showInStore="1">
					<label>Secondary Button</label>
					<frontend_model>MGS\Mpanel\Block\Adminhtml\Fields\Heading</frontend_model>
					<depends>
                        <field id="main_custom">1</field>
                    </depends>
				</field>
				<field id="secondary_button_text" translate="label comment" type="text" sortOrder="220" showInDefault="1" showInWebsite="1" showInStore="1">
					<label>Text color</label>
					<frontend_model>MGS\Mpanel\Block\Adminhtml\Fields\Color</frontend_model>
					<depends>
                        <field id="main_custom">1</field>
                    </depends>
				</field>
				<field id="secondary_button_text_hover" translate="label comment" type="text" sortOrder="230" showInDefault="1" showInWebsite="1" showInStore="1">
					<label>Hover text color</label>
					<frontend_model>MGS\Mpanel\Block\Adminhtml\Fields\Color</frontend_model>
					<depends>
                        <field id="main_custom">1</field>
                    </depends>
				</field>
				<field id="secondary_button_background" translate="label comment" type="text" sortOrder="240" showInDefault="1" showInWebsite="1" showInStore="1">
					<label>Background color</label>
					<frontend_model>MGS\Mpanel\Block\Adminhtml\Fields\Color</frontend_model>
					<depends>
                        <field id="main_custom">1</field>
                    </depends>
				</field>
				<field id="secondary_button_background_hover" translate="label comment" type="text" sortOrder="250" showInDefault="1" showInWebsite="1" showInStore="1">
					<label>Hover background color</label>
					<frontend_model>MGS\Mpanel\Block\Adminhtml\Fields\Color</frontend_model>
					<depends>
                        <field id="main_custom">1</field>
                    </depends>
				</field>
				<field id="secondary_button_border" translate="label comment" type="text" sortOrder="260" showInDefault="1" showInWebsite="1" showInStore="1">
					<label>Border color</label>
					<frontend_model>MGS\Mpanel\Block\Adminhtml\Fields\Color</frontend_model>
					<depends>
                        <field id="main_custom">1</field>
                    </depends>
				</field>
				<field id="secondary_button_border_hover" translate="label comment" type="text" sortOrder="270" showInDefault="1" showInWebsite="1" showInStore="1">
					<label>Hover border color</label>
					<frontend_model>MGS\Mpanel\Block\Adminhtml\Fields\Color</frontend_model>
					<depends>
                        <field id="main_custom">1</field>
                    </depends>
				</field>
			</group>
		</section>
	</system>
</config>