<?xml version="1.0" encoding="UTF-8"?>
<config xmlns:xsi="http://www.w3.org/2001/XMLSchema-instance" xsi:noNamespaceSchemaLocation="urn:magento:framework:ObjectManager/etc/config.xsd">
    <type name="Magento\Framework\EntityManager\Operation\ExtensionPool">
        <arguments>
            <argument name="extensionActions" xsi:type="array">
                <item name="Magento\Catalog\Api\Data\ProductInterface" xsi:type="array">
                    <item name="read" xsi:type="array">
                        <item name="stock_item" xsi:type="string">PurpleCommerce\AddstocktoAPI\Model\ReadHandler</item>
                    </item>
                </item>
            </argument>
        </arguments>
    </type>
</config>